[
{
  "model": "auth.group",
  "pk": 1,
  "fields": {
    "name": "Administrator",
    "permissions": [
      1,
      2,
      3,
      4,
      5,
      6,
      7,
      8,
      21,
      22,
      23,
      24
    ]
  }
},
{
  "model": "auth.group",
  "pk": 2,
  "fields": {
    "name": "Manager",
    "permissions": [
      81,
      82,
      83,
      84,
      89,
      90,
      91,
      92,
      25,
      26,
      27,
      28,
      93,
      94,
      95,
      96,
      33,
      34,
      35,
      36,
      73,
      74,
      75,
      76,
      41,
      42,
      43,
      44,
      29,
      30,
      31,
      32,
      77,
      78,
      79,
      80,
      45,
      46,
      47,
      48,
      53,
      54,
      55,
      56,
      69,
      70,
      71,
      72,
      65,
      66,
      67,
      68,
      37,
      38,
      39,
      40
    ]
  }
},
{
  "model": "auth.group",
  "pk": 3,
  "fields": {
    "name": "Employee",
    "permissions": [
      81,
      82,
      83,
      84,
      89,
      90,
      91,
      92,
      93,
      94,
      95,
      96,
      33,
      34,
      35,
      36,
      73,
      74,
      75,
      76,
      41,
      42,
      43,
      44,
      29,
      30,
      31,
      32,
      77,
      78,
      79,
      80,
      45,
      46,
      47,
      48,
      53,
      54,
      55,
      56,
      69,
      70,
      71,
      72,
      65,
      66,
      67,
      68,
      37,
      38,
      39,
      40
    ]
  }
},
{
  "model": "core.configuration",
  "pk": "job_number_sequence",
  "fields": {
    "value": "J{year}-{counter:04d}"
  }
},
{
  "model": "core.configuration",
  "pk": "job_counter",
  "fields": {
    "value": "4"
  }
},
{
  "model": "core.configuration",
  "pk": "estimate_number_sequence",
  "fields": {
    "value": "E{year}-{counter:04d}"
  }
},
{
  "model": "core.configuration",
  "pk": "estimate_counter",
  "fields": {
    "value": "6"
  }
},
{
  "model": "core.configuration",
  "pk": "invoice_number_sequence",
  "fields": {
    "value": "INV-{year}-{counter:04d}"
  }
},
{
  "model": "core.configuration",
  "pk": "invoice_counter",
  "fields": {
    "value": "0"
  }
},
{
  "model": "core.configuration",
  "pk": "po_number_sequence",
  "fields": {
    "value": "PO{year}-{counter:04d}"
  }
},
{
  "model": "core.configuration",
  "pk": "po_counter",
  "fields": {
    "value": "0"
  }
},
{
  "model": "core.configuration",
  "pk": "est_expire_days",
  "fields": {
    "value": "30"
  }
},
{
  "model": "core.user",
  "pk": 1,
  "fields": {
    "password": "pbkdf2_sha256$600000$fU1Q67TTryqZMFXst0Am34$4nPO2gad6tjKif5Ke3G1PE51yrNfRIg2nd1gTApUuQg=",
    "last_login": "2025-09-24T04:43:46.375Z",
    "is_superuser": true,
    "username": "dev_user",
    "first_name": "Dev",
    "last_name": "User",
    "email": "dev@example.com",
    "is_staff": true,
    "is_active": true,
    "date_joined": "2025-09-01T21:22:06.298Z",
    "contact": null,
    "groups": [],
    "user_permissions": []
  }
},
{
  "model": "core.user",
  "pk": 2,
  "fields": {
    "password": "pbkdf2_sha256$870000$test$hash",
    "last_login": null,
    "is_superuser": false,
    "username": "johnq_public",
    "first_name": "John Q",
    "last_name": "Public",
    "email": "facilities@metrooffice.com",
    "is_staff": false,
    "is_active": true,
    "date_joined": "2024-01-01T00:00:00Z",
    "contact": 3,
    "groups": [
      3
    ],
    "user_permissions": []
  }
},
{
  "model": "contacts.contact",
  "pk": 1,
  "fields": {
    "name": "Jane Doe",
    "email": "jane.doe@abcconstruction.com",
    "addr1": "123 Main St",
    "addr2": "",
    "addr3": "",
    "city": "City",
    "municipality": "Business District",
    "postal_code": "12345",
    "country_code": "US",
    "mobile_number": "555-0101",
    "work_number": "",
    "home_number": "",
    "business": 2
  }
},
{
  "model": "contacts.contact",
  "pk": 2,
  "fields": {
    "name": "John Smith",
    "email": "john.smith@email.com",
    "addr1": "456 Oak Ave",
    "addr2": "",
    "addr3": "",
    "city": "City",
    "municipality": "Residential Area",
    "postal_code": "12346",
    "country_code": "US",
    "mobile_number": "",
    "work_number": "",
    "home_number": "555-0202",
    "business": null
  }
},
{
  "model": "contacts.contact",
  "pk": 3,
  "fields": {
    "name": "John Q Public",
    "email": "facilities@metrooffice.com",
    "addr1": "789 Corporate Blvd",
    "addr2": "",
    "addr3": "",
    "city": "City",
    "municipality": "Downtown",
    "postal_code": "12347",
    "country_code": "US",
    "mobile_number": "",
    "work_number": "555-0303",
    "home_number": "",
    "business": 3
  }
},
{
  "model": "contacts.contact",
  "pk": 4,
  "fields": {
    "name": "Laura Ingalls",
    "email": "info@greenvalley.com",
    "addr1": "321 Valley Road",
    "addr2": "",
    "addr3": "",
    "city": "City",
    "municipality": "Suburbs",
    "postal_code": "12348",
    "country_code": "US",
    "mobile_number": "555-0404",
    "work_number": "",
    "home_number": "",
    "business": 5
  }
},
{
  "model": "contacts.contact",
  "pk": 5,
  "fields": {
    "name": "Frank Gehry",
    "email": "projects@industrialsolutions.com",
    "addr1": "654 Industrial Pkwy",
    "addr2": "",
    "addr3": "",
    "city": "City",
    "municipality": "Industrial Zone",
    "postal_code": "12349",
    "country_code": "US",
    "mobile_number": "",
    "work_number": "555-0505",
    "home_number": "",
    "business": 4
  }
},
{
  "model": "contacts.contact",
  "pk": 6,
  "fields": {
    "name": "Piper Laurie",
    "email": "orders@housingsupply.com",
    "addr1": "888 Supply Drive",
    "addr2": "",
    "addr3": "",
    "city": "City",
    "municipality": "Industrial District",
    "postal_code": "12350",
    "country_code": "US",
    "mobile_number": "555-0606",
    "work_number": "",
    "home_number": "",
    "business": 1
  }
},
{
  "model": "contacts.contact",
  "pk": 7,
  "fields": {
    "name": "Joe Mamma",
    "email": "joe@joespizzeria.com",
    "addr1": "456 Pizza Avenue",
    "addr2": "",
    "addr3": "",
    "city": "City",
    "municipality": "Restaurant District",
    "postal_code": "12351",
    "country_code": "US",
    "mobile_number": "555-0777",
    "work_number": "",
    "home_number": "",
    "business": 6
  }
},
{
  "model": "contacts.business",
  "pk": 1,
  "fields": {
    "our_reference_code": "HS001",
    "business_name": "Housing Supply",
    "business_address": "888 Supply Drive, Industrial District, City, State 12350",
    "business_phone": "555-7890",
    "tax_exemption_number": "TEX-456789",
    "website": "",
    "terms": 1
  }
},
{
  "model": "contacts.business",
  "pk": 2,
  "fields": {
    "our_reference_code": "ABC001",
    "business_name": "ABC Construction Co.",
    "business_address": "123 Main St, Business District, City, State 12345",
    "business_phone": "555-1234",
    "tax_exemption_number": "TEX-123456",
    "website": "",
    "terms": 1
  }
},
{
  "model": "contacts.business",
  "pk": 3,
  "fields": {
    "our_reference_code": "MOC001",
    "business_name": "Metro Office Complex",
    "business_address": "789 Corporate Blvd, Downtown, City, State 12347",
    "business_phone": "555-3456",
    "tax_exemption_number": "TEX-345678",
    "website": "",
    "terms": 1
  }
},
{
  "model": "contacts.business",
  "pk": 4,
  "fields": {
    "our_reference_code": "ISI001",
    "business_name": "Industrial Solutions Inc.",
    "business_address": "654 Industrial Pkwy, Industrial Zone, City, State 12349",
    "business_phone": "555-5678",
    "tax_exemption_number": "TEX-567890",
    "website": "",
    "terms": 1
  }
},
{
  "model": "contacts.business",
  "pk": 5,
  "fields": {
    "our_reference_code": "GRV001",
    "business_name": "Green Valley Homes",
    "business_address": "321 Valley Road, Suburbs, City, State 12348",
    "business_phone": "555-9999",
    "tax_exemption_number": "TEX-99999",
    "website": "",
    "terms": 1
  }
},
{
  "model": "contacts.business",
  "pk": 6,
  "fields": {
    "our_reference_code": "JP001",
    "business_name": "Joe's Pizzeria",
    "business_address": "456 Pizza Avenue, Restaurant District, City, State 12351",
    "business_phone": "555-7778",
    "tax_exemption_number": "TEX-777888",
    "website": "",
    "terms": 1
  }
},
{
  "model": "contacts.paymentterms",
  "pk": 1,
  "fields": {}
},

{
  "model": "jobs.tasktemplate",
  "pk": 1,
  "fields": {
    "template_name": "RESEARCH",
    "description": "Research that has to happen before the project can be started",
    "units": "hours",
    "rate": "100.00",
    "task_mapping": 1,
    "parent_template": null,
    "created_date": "2025-09-06T17:30:38.271Z",
    "is_active": true
  }
},
{
  "model": "jobs.tasktemplate",
  "pk": 2,
  "fields": {
    "template_name": "CAD",
    "description": "Design, drawing, detailing, modelling",
    "units": "hours",
    "rate": "150.00",
    "task_mapping": 2,
    "parent_template": null,
    "created_date": "2025-09-06T17:31:20.508Z",
    "is_active": true
  }
},
{
  "model": "jobs.tasktemplate",
  "pk": 3,
  "fields": {
    "template_name": "CUT",
    "description": "Cutting parts",
    "units": "minutes",
    "rate": "22.00",
    "task_mapping": 3,
    "parent_template": null,
    "created_date": "2025-09-06T17:31:44.072Z",
    "is_active": true
  }
},
{
  "model": "jobs.tasktemplate",
  "pk": 4,
  "fields": {
    "template_name": "ASSEMBLE",
    "description": "Glue and staple the parts together",
    "units": "hours",
    "rate": "100.00",
    "task_mapping": 4,
    "parent_template": null,
    "created_date": "2025-09-06T17:38:15.359Z",
    "is_active": true
  }
},
{
  "model": "jobs.tasktemplate",
  "pk": 5,
  "fields": {
    "template_name": "FINISH",
    "description": "Sand and fill and apply finish, or veneer, or laminate",
    "units": "hours",
    "rate": "100.00",
    "task_mapping": 5,
    "parent_template": null,
    "created_date": "2025-09-06T17:39:14.272Z",
    "is_active": true
  }
},
{
  "model": "jobs.tasktemplate",
  "pk": 6,
  "fields": {
    "template_name": "PALLET",
    "description": "Palletize piece, build or customize a pallet if needed",
    "units": "hours",
    "rate": "100.00",
    "task_mapping": 6,
    "parent_template": null,
    "created_date": "2025-09-06T17:40:08.033Z",
    "is_active": true
  }
},
{
  "model": "jobs.tasktemplate",
  "pk": 7,
  "fields": {
    "template_name": "SITE VISIT",
    "description": "Go to customer's location to evaluate and measure",
    "units": "hours",
    "rate": "200.00",
    "task_mapping": 1,
    "parent_template": null,
    "created_date": "2025-09-24T05:31:52.957Z",
    "is_active": true
  }
},
{
  "model": "jobs.tasktemplate",
  "pk": 8,
  "fields": {
    "template_name": "JIG",
    "description": "Design and build jig(s) for assembly.  ADD JIG MATERIAL SEPARATELY",
    "units": "hours",
    "rate": "150.00",
    "task_mapping": 2,
    "parent_template": null,
    "created_date": "2025-09-24T05:38:38.849Z",
    "is_active": true
  }
},
{
  "model": "jobs.workordertemplate",
  "pk": 3,
  "fields": {
    "template_name": "Table",
    "description": "A template for building a custom table",
    "template_type": "product",
    "product_type": "",
    "base_price": null,
    "is_active": true,
    "created_date": "2025-09-24T05:14:54.761Z"
  }
},
{
  "model": "jobs.workordertemplate",
  "pk": 4,
  "fields": {
    "template_name": "SIGN",
    "description": "Template for a custom sign, installed",
    "template_type": "product",
    "product_type": "",
    "base_price": null,
    "is_active": true,
    "created_date": "2025-09-24T05:21:26.097Z"
  }
},
{
  "model": "jobs.taskmapping",
  "pk": 1,
  "fields": {
    "step_type": "labor",
    "mapping_strategy": "direct",
    "default_product_type": "",
    "line_item_name": "Design Consultation",
    "line_item_description": "Research, planning and consultation services",
    "task_type_id": "RESEARCH",
    "breakdown_of_task": "Initial project consultation and planning"
  }
},
{
  "model": "jobs.taskmapping",
  "pk": 2,
  "fields": {
    "step_type": "labor",
    "mapping_strategy": "direct",
    "default_product_type": "",
    "line_item_name": "Technical Drawings",
    "line_item_description": "CAD drawings and technical documentation",
    "task_type_id": "CAD",
    "breakdown_of_task": "Computer-aided design and technical drawings"
  }
},
{
  "model": "jobs.taskmapping",
  "pk": 3,
  "fields": {
    "step_type": "component",
    "mapping_strategy": "bundle_to_product",
    "default_product_type": "furniture",
    "line_item_name": "Custom Furniture",
    "line_item_description": "Bundled into complete furniture product",
    "task_type_id": "CUT",
    "breakdown_of_task": "Precision cutting of materials"
  }
},
{
  "model": "jobs.taskmapping",
  "pk": 4,
  "fields": {
    "step_type": "component",
    "mapping_strategy": "bundle_to_product",
    "default_product_type": "furniture",
    "line_item_name": "Custom Furniture",
    "line_item_description": "Bundled into complete furniture product",
    "task_type_id": "ASSEMBLE",
    "breakdown_of_task": "Assembly and joining of components"
  }
},
{
  "model": "jobs.taskmapping",
  "pk": 5,
  "fields": {
    "step_type": "component",
    "mapping_strategy": "bundle_to_product",
    "default_product_type": "furniture",
    "line_item_name": "Custom Furniture",
    "line_item_description": "Bundled into complete furniture product",
    "task_type_id": "FINISH",
    "breakdown_of_task": "Surface finishing and coating application"
  }
},
{
  "model": "jobs.taskmapping",
  "pk": 6,
  "fields": {
    "step_type": "labor",
    "mapping_strategy": "bundle_to_service",
    "default_product_type": "delivery",
    "line_item_name": "Delivery & Installation",
    "line_item_description": "Complete delivery and installation service",
    "task_type_id": "DELIVERY",
    "breakdown_of_task": "Transportation and on-site installation"
  }
},
{
  "model": "jobs.taskmapping",
  "pk": 7,
  "fields": {
    "step_type": "material",
    "mapping_strategy": "bundle_to_product",
    "default_product_type": "furniture",
    "line_item_name": "Custom Furniture",
    "line_item_description": "Bundled into complete furniture product",
    "task_type_id": "MATERIALS",
    "breakdown_of_task": "Raw materials and supplies"
  }
},
{
  "model": "jobs.taskmapping",
  "pk": 8,
  "fields": {
    "step_type": "overhead",
    "mapping_strategy": "exclude",
    "default_product_type": "",
    "line_item_name": "",
    "line_item_description": "",
    "task_type_id": "QA",
    "breakdown_of_task": "Quality assurance and inspection"
  }
},
{
  "model": "jobs.templatetaskassociation",
  "pk": 1,
  "fields": {
    "work_order_template": 4,
    "task_template": 7,
    "est_qty": "1.00",
    "sort_order": 1
  }
},
{
  "model": "jobs.templatetaskassociation",
  "pk": 2,
  "fields": {
    "work_order_template": 4,
    "task_template": 2,
    "est_qty": "3.00",
    "sort_order": 2
  }
},
{
  "model": "jobs.templatetaskassociation",
  "pk": 3,
  "fields": {
    "work_order_template": 4,
    "task_template": 3,
    "est_qty": "85.00",
    "sort_order": 3
  }
},
{
  "model": "jobs.templatetaskassociation",
  "pk": 4,
  "fields": {
    "work_order_template": 4,
    "task_template": 5,
    "est_qty": "5.00",
    "sort_order": 4
  }
},
{
  "model": "jobs.templatetaskassociation",
  "pk": 5,
  "fields": {
    "work_order_template": 3,
    "task_template": 2,
    "est_qty": "10.00",
    "sort_order": 1
  }
},
{
  "model": "jobs.templatetaskassociation",
  "pk": 6,
  "fields": {
    "work_order_template": 3,
    "task_template": 3,
    "est_qty": "125.00",
    "sort_order": 2
  }
},
{
  "model": "jobs.templatetaskassociation",
  "pk": 7,
  "fields": {
    "work_order_template": 3,
    "task_template": 4,
    "est_qty": "3.00",
    "sort_order": 3
  }
},
{
  "model": "jobs.templatetaskassociation",
  "pk": 8,
  "fields": {
    "work_order_template": 3,
    "task_template": 5,
    "est_qty": "12.00",
    "sort_order": 4
  }
},
{
  "model": "invoicing.pricelistitem",
  "pk": 1,
  "fields": {
    "code": "LAB001",
    "units": "hour",
    "description": "General Labor - per hour",
    "purchase_price": "25.00",
    "selling_price": "45.00",
    "qty_on_hand": "100.00",
    "qty_sold": "0.00",
    "qty_wasted": "0.00"
  }
},
{
  "model": "invoicing.pricelistitem",
  "pk": 2,
  "fields": {
    "code": "LAB002",
    "units": "hour",
    "description": "Skilled Labor - per hour",
    "purchase_price": "35.00",
    "selling_price": "65.00",
    "qty_on_hand": "100.00",
    "qty_sold": "0.00",
    "qty_wasted": "0.00"
  }
},
{
  "model": "invoicing.pricelistitem",
  "pk": 3,
  "fields": {
    "code": "MAT001",
    "units": "sheet",
    "description": "Plywood - per sheet",
    "purchase_price": "80.00",
    "selling_price": "100.00",
    "qty_on_hand": "100.00",
    "qty_sold": "0.00",
    "qty_wasted": "0.00"
  }
},
{
  "model": "invoicing.pricelistitem",
  "pk": 4,
  "fields": {
    "code": "MAT002",
    "units": "board foot",
    "description": "White Oak Lumber - per board foot",
    "purchase_price": "5.50",
    "selling_price": "7.00",
    "qty_on_hand": "1000.00",
    "qty_sold": "0.00",
    "qty_wasted": "0.00"
  }
},
{
  "model": "invoicing.pricelistitem",
  "pk": 5,
  "fields": {
    "code": "MAT003",
    "units": "piece",
    "description": "HDU Material - per piece",
    "purchase_price": "250.00",
    "selling_price": "300.00",
    "qty_on_hand": "50.00",
    "qty_sold": "0.00",
    "qty_wasted": "0.00"
  }
}
]
