[
{
  "model": "jobs.job",
  "pk": 1,
  "fields": {
    "job_number": "JOB-2025-0001",
    "created_date": "2025-01-15T10:00:00Z",
    "due_date": null,
    "completed_date": null,
    "status": "approved",
    "contact": 1,
    "customer_po_number": "ABC-FORMS-001",
    "description": "Cut concrete form templates for custom foundation project"
  }
},
{
  "model": "jobs.job",
  "pk": 2,
  "fields": {
    "job_number": "JOB-2025-0002",
    "created_date": "2025-02-01T14:30:00Z",
    "due_date": null,
    "completed_date": null,
    "status": "approved",
    "contact": 2,
    "customer_po_number": "DINING-SET-001",
    "description": "Design and build complete dining room set - table and 6 chairs"
  }
},
{
  "model": "jobs.job",
  "pk": 3,
  "fields": {
    "job_number": "JOB-2025-0003",
    "created_date": "2025-02-10T09:15:00Z",
    "due_date": null,
    "completed_date": null,
    "status": "approved",
    "contact": 7,
    "customer_po_number": "PIZZA-SIGN-001",
    "description": "Construct custom sign for Joe's Pizzeria storefront.  Customer understands that they are responsible for installation."
  }
},
{
  "model": "jobs.job",
  "pk": 4,
  "fields": {
    "job_number": "JOB-2025-0004",
    "created_date": "2025-09-24T04:45:46.002Z",
    "due_date": "2025-10-31T21:45:00Z",
    "completed_date": null,
    "status": "draft",
    "contact": 5,
    "customer_po_number": "",
    "description": "Frank Gehry has forgotten how to design things.  We need to make a 12' long demo desk for a museum, with holes for 3 monitors which they will inlay, laminated in matte black."
  }
},
{
  "model": "jobs.estimate",
  "pk": 1,
  "fields": {
    "job": 1,
    "estimate_number": "EST-2025-0001",
    "version": 1,
    "status": "accepted",
    "parent": null,
    "created_date": "2025-01-15T11:00:00Z",
    "closed_date": null
  }
},
{
  "model": "jobs.estimate",
  "pk": 2,
  "fields": {
    "job": 3,
    "estimate_number": "EST-2025-0003",
    "version": 1,
    "status": "superseded",
    "parent": null,
    "created_date": "2025-02-10T10:00:00Z",
    "closed_date": "2025-02-12T14:00:00Z"
  }
},
{
  "model": "jobs.estimate",
  "pk": 3,
  "fields": {
    "job": 3,
    "estimate_number": "EST-2025-0003",
    "version": 2,
    "status": "superseded",
    "parent": 2,
    "created_date": "2025-02-12T14:00:00Z",
    "closed_date": "2025-02-15T16:30:00Z"
  }
},
{
  "model": "jobs.estimate",
  "pk": 4,
  "fields": {
    "job": 3,
    "estimate_number": "EST-2025-0003",
    "version": 3,
    "status": "superseded",
    "parent": 3,
    "created_date": "2025-02-15T16:30:00Z",
    "closed_date": "2025-09-23T04:29:03.735Z"
  }
},
{
  "model": "jobs.estimate",
  "pk": 5,
  "fields": {
    "job": 3,
    "estimate_number": "EST-2025-0003",
    "version": 4,
    "status": "accepted",
    "parent": 4,
    "created_date": "2025-09-23T04:29:03.720Z",
    "closed_date": null
  }
},
{
  "model": "jobs.estimate",
  "pk": 6,
  "fields": {
    "job": 2,
    "estimate_number": "EST-2025-0006",
    "version": 1,
    "status": "accepted",
    "parent": null,
    "created_date": "2025-09-23T04:32:33.144Z",
    "closed_date": null
  }
},
{
  "model": "jobs.workorder",
  "pk": 1,
  "fields": {
    "job": 2,
    "template": null,
    "status": "draft"
  }
},
{
  "model": "jobs.workorder",
  "pk": 2,
  "fields": {
    "job": 3,
    "template": null,
    "status": "draft"
  }
},
{
  "model": "jobs.estworksheet",
  "pk": 1,
  "fields": {
    "job": 2,
    "template": null,
    "estimate": 6,
    "status": "final",
    "version": 1,
    "parent": null,
    "created_date": "2025-02-01T15:00:00Z"
  }
},
{
  "model": "jobs.task",
  "pk": 1,
  "fields": {
    "parent_task": null,
    "assignee": null,
    "work_order": null,
    "est_worksheet": 1,
    "name": "CAD drawing for dining set",
    "units": "hours",
    "rate": "100.00",
    "est_qty": "8.00",
    "template": 2
  }
},
{
  "model": "jobs.task",
  "pk": 2,
  "fields": {
    "parent_task": null,
    "assignee": null,
    "work_order": null,
    "est_worksheet": 1,
    "name": "White oak lumber purchase",
    "units": "board feet",
    "rate": "7.00",
    "est_qty": "300.00",
    "template": null
  }
},
{
  "model": "jobs.task",
  "pk": 3,
  "fields": {
    "parent_task": null,
    "assignee": null,
    "work_order": null,
    "est_worksheet": 1,
    "name": "Cutting task for dining set",
    "units": "minutes",
    "rate": "22.00",
    "est_qty": "125.00",
    "template": 2
  }
},
{
  "model": "jobs.task",
  "pk": 4,
  "fields": {
    "parent_task": null,
    "assignee": null,
    "work_order": null,
    "est_worksheet": 1,
    "name": "Gluing task",
    "units": "hours",
    "rate": "100.00",
    "est_qty": "8.00",
    "template": 4
  }
},
{
  "model": "jobs.task",
  "pk": 5,
  "fields": {
    "parent_task": null,
    "assignee": null,
    "work_order": null,
    "est_worksheet": 1,
    "name": "Finishing task",
    "units": "hours",
    "rate": "100.00",
    "est_qty": "22.00",
    "template": 5
  }
},
{
  "model": "jobs.task",
  "pk": 6,
  "fields": {
    "parent_task": null,
    "assignee": null,
    "work_order": 1,
    "est_worksheet": null,
    "name": "Custom Furniture",
    "units": "each",
    "rate": "2750.00",
    "est_qty": "1.00",
    "template": null
  }
},
{
  "model": "jobs.task",
  "pk": 7,
  "fields": {
    "parent_task": null,
    "assignee": null,
    "work_order": 1,
    "est_worksheet": null,
    "name": "Custom Furniture",
    "units": "each",
    "rate": "800.00",
    "est_qty": "1.00",
    "template": null
  }
},
{
  "model": "jobs.task",
  "pk": 8,
  "fields": {
    "parent_task": null,
    "assignee": null,
    "work_order": 1,
    "est_worksheet": null,
    "name": "Custom Furniture",
    "units": "each",
    "rate": "2200.00",
    "est_qty": "1.00",
    "template": null
  }
},
{
  "model": "jobs.task",
  "pk": 9,
  "fields": {
    "parent_task": null,
    "assignee": null,
    "work_order": 1,
    "est_worksheet": null,
    "name": "CAD drawing for dining set",
    "units": "hours",
    "rate": "100.00",
    "est_qty": "8.00",
    "template": 2
  }
},
{
  "model": "jobs.task",
  "pk": 10,
  "fields": {
    "parent_task": null,
    "assignee": null,
    "work_order": 1,
    "est_worksheet": null,
    "name": "White oak lumber purchase",
    "units": "board feet",
    "rate": "7.00",
    "est_qty": "300.00",
    "template": null
  }
},
{
  "model": "jobs.task",
  "pk": 11,
  "fields": {
    "parent_task": null,
    "assignee": null,
    "work_order": 2,
    "est_worksheet": null,
    "name": "Design drawings with client revisions",
    "units": "hours",
    "rate": "1500.00",
    "est_qty": "10.00",
    "template": null
  }
},
{
  "model": "jobs.task",
  "pk": 12,
  "fields": {
    "parent_task": null,
    "assignee": null,
    "work_order": 2,
    "est_worksheet": null,
    "name": "MAT003 - HDU Material - per piece",
    "units": "piece",
    "rate": "300.00",
    "est_qty": "1.00",
    "template": null
  }
},
{
  "model": "jobs.task",
  "pk": 13,
  "fields": {
    "parent_task": null,
    "assignee": null,
    "work_order": 2,
    "est_worksheet": null,
    "name": "Precision CNC cutting with detail work",
    "units": "minutes",
    "rate": "3300.00",
    "est_qty": "150.00",
    "template": null
  }
},
{
  "model": "jobs.task",
  "pk": 14,
  "fields": {
    "parent_task": null,
    "assignee": null,
    "work_order": 2,
    "est_worksheet": null,
    "name": "Multi-layer painting and protective coating",
    "units": "hours",
    "rate": "1200.00",
    "est_qty": "12.00",
    "template": null
  }
},
{
  "model": "jobs.task",
  "pk": 15,
  "fields": {
    "parent_task": null,
    "assignee": null,
    "work_order": 2,
    "est_worksheet": null,
    "name": "Assembly with LED lighting integration",
    "units": "hours",
    "rate": "600.00",
    "est_qty": "6.00",
    "template": null
  }
},
{
  "model": "jobs.estimatelineitem",
  "pk": 1,
  "fields": {
    "task": null,
    "price_list_item": null,
    "line_number": 1,
    "qty": "3.00",
    "units": "hours",
    "description": "CAD design and template creation",
    "price_currency": "3800.00",
    "estimate": 1
  }
},
{
  "model": "jobs.estimatelineitem",
  "pk": 2,
  "fields": {
    "task": null,
    "price_list_item": null,
    "line_number": 2,
    "qty": "1.00",
    "units": "job",
    "description": "CNC cutting of concrete forms",
    "price_currency": "3800.00",
    "estimate": 1
  }
},
{
  "model": "jobs.estimatelineitem",
  "pk": 3,
  "fields": {
    "task": null,
    "price_list_item": 3,
    "line_number": 3,
    "qty": "20.00",
    "units": "sheets",
    "description": "Plywood sheets for form construction",
    "price_currency": "2000.00",
    "estimate": 1
  }
},
{
  "model": "jobs.estimatelineitem",
  "pk": 4,
  "fields": {
    "task": null,
    "price_list_item": null,
    "line_number": 4,
    "qty": "6.00",
    "units": "hours",
    "description": "Design drawings",
    "price_currency": "900.00",
    "estimate": 2
  }
},
{
  "model": "jobs.estimatelineitem",
  "pk": 5,
  "fields": {
    "task": null,
    "price_list_item": 5,
    "line_number": 5,
    "qty": "1.00",
    "units": "piece",
    "description": "HDU material for sign",
    "price_currency": "300.00",
    "estimate": 2
  }
},
{
  "model": "jobs.estimatelineitem",
  "pk": 6,
  "fields": {
    "task": null,
    "price_list_item": null,
    "line_number": 6,
    "qty": "120.00",
    "units": "minutes",
    "description": "CNC cutting of sign",
    "price_currency": "2640.00",
    "estimate": 2
  }
},
{
  "model": "jobs.estimatelineitem",
  "pk": 7,
  "fields": {
    "task": null,
    "price_list_item": null,
    "line_number": 7,
    "qty": "8.00",
    "units": "hours",
    "description": "Painting and finishing",
    "price_currency": "800.00",
    "estimate": 2
  }
},
{
  "model": "jobs.estimatelineitem",
  "pk": 8,
  "fields": {
    "task": null,
    "price_list_item": null,
    "line_number": 8,
    "qty": "4.00",
    "units": "hours",
    "description": "Assembly and hardware installation",
    "price_currency": "400.00",
    "estimate": 2
  }
},
{
  "model": "jobs.estimatelineitem",
  "pk": 9,
  "fields": {
    "task": null,
    "price_list_item": null,
    "line_number": 9,
    "qty": "8.00",
    "units": "hours",
    "description": "Design drawings",
    "price_currency": "1200.00",
    "estimate": 3
  }
},
{
  "model": "jobs.estimatelineitem",
  "pk": 10,
  "fields": {
    "task": null,
    "price_list_item": 5,
    "line_number": 10,
    "qty": "1.00",
    "units": "piece",
    "description": "HDU material for sign",
    "price_currency": "300.00",
    "estimate": 3
  }
},
{
  "model": "jobs.estimatelineitem",
  "pk": 11,
  "fields": {
    "task": null,
    "price_list_item": null,
    "line_number": 11,
    "qty": "140.00",
    "units": "minutes",
    "description": "CNC cutting of sign",
    "price_currency": "3080.00",
    "estimate": 3
  }
},
{
  "model": "jobs.estimatelineitem",
  "pk": 12,
  "fields": {
    "task": null,
    "price_list_item": null,
    "line_number": 12,
    "qty": "10.00",
    "units": "hours",
    "description": "Painting and finishing",
    "price_currency": "1000.00",
    "estimate": 3
  }
},
{
  "model": "jobs.estimatelineitem",
  "pk": 13,
  "fields": {
    "task": null,
    "price_list_item": null,
    "line_number": 13,
    "qty": "5.00",
    "units": "hours",
    "description": "Assembly and hardware installation",
    "price_currency": "500.00",
    "estimate": 3
  }
},
{
  "model": "jobs.estimatelineitem",
  "pk": 14,
  "fields": {
    "task": null,
    "price_list_item": null,
    "line_number": 14,
    "qty": "10.00",
    "units": "hours",
    "description": "Design drawings with client revisions",
    "price_currency": "1500.00",
    "estimate": 4
  }
},
{
  "model": "jobs.estimatelineitem",
  "pk": 15,
  "fields": {
    "task": null,
    "price_list_item": 5,
    "line_number": 15,
    "qty": "1.00",
    "units": "piece",
    "description": "Premium HDU material for sign",
    "price_currency": "300.00",
    "estimate": 4
  }
},
{
  "model": "jobs.estimatelineitem",
  "pk": 16,
  "fields": {
    "task": null,
    "price_list_item": null,
    "line_number": 16,
    "qty": "150.00",
    "units": "minutes",
    "description": "Precision CNC cutting with detail work",
    "price_currency": "3300.00",
    "estimate": 4
  }
},
{
  "model": "jobs.estimatelineitem",
  "pk": 17,
  "fields": {
    "task": null,
    "price_list_item": null,
    "line_number": 17,
    "qty": "12.00",
    "units": "hours",
    "description": "Multi-layer painting and protective coating",
    "price_currency": "1200.00",
    "estimate": 4
  }
},
{
  "model": "jobs.estimatelineitem",
  "pk": 18,
  "fields": {
    "task": null,
    "price_list_item": null,
    "line_number": 18,
    "qty": "6.00",
    "units": "hours",
    "description": "Assembly with LED lighting integration",
    "price_currency": "600.00",
    "estimate": 4
  }
},
{
  "model": "jobs.estimatelineitem",
  "pk": 19,
  "fields": {
    "task": null,
    "price_list_item": null,
    "line_number": 1,
    "qty": "10.00",
    "units": "hours",
    "description": "Design drawings with client revisions",
    "price_currency": "1500.00",
    "estimate": 5
  }
},
{
  "model": "jobs.estimatelineitem",
  "pk": 20,
  "fields": {
    "task": null,
    "price_list_item": 5,
    "line_number": 2,
    "qty": "1.00",
    "units": "piece",
    "description": "Premium HDU material for sign",
    "price_currency": "300.00",
    "estimate": 5
  }
},
{
  "model": "jobs.estimatelineitem",
  "pk": 21,
  "fields": {
    "task": null,
    "price_list_item": null,
    "line_number": 3,
    "qty": "150.00",
    "units": "minutes",
    "description": "Precision CNC cutting with detail work",
    "price_currency": "3300.00",
    "estimate": 5
  }
},
{
  "model": "jobs.estimatelineitem",
  "pk": 22,
  "fields": {
    "task": null,
    "price_list_item": null,
    "line_number": 4,
    "qty": "12.00",
    "units": "hours",
    "description": "Multi-layer painting and protective coating",
    "price_currency": "1200.00",
    "estimate": 5
  }
},
{
  "model": "jobs.estimatelineitem",
  "pk": 23,
  "fields": {
    "task": null,
    "price_list_item": null,
    "line_number": 5,
    "qty": "6.00",
    "units": "hours",
    "description": "Assembly with LED lighting integration",
    "price_currency": "600.00",
    "estimate": 5
  }
},
{
  "model": "jobs.estimatelineitem",
  "pk": 24,
  "fields": {
    "task": null,
    "price_list_item": null,
    "line_number": 1,
    "qty": "1.00",
    "units": "each",
    "description": "Custom Furniture",
    "price_currency": "2750.00",
    "estimate": 6
  }
},
{
  "model": "jobs.estimatelineitem",
  "pk": 25,
  "fields": {
    "task": null,
    "price_list_item": null,
    "line_number": 2,
    "qty": "1.00",
    "units": "each",
    "description": "Custom Furniture",
    "price_currency": "800.00",
    "estimate": 6
  }
},
{
  "model": "jobs.estimatelineitem",
  "pk": 26,
  "fields": {
    "task": null,
    "price_list_item": null,
    "line_number": 3,
    "qty": "1.00",
    "units": "each",
    "description": "Custom Furniture",
    "price_currency": "2200.00",
    "estimate": 6
  }
},
{
  "model": "jobs.estimatelineitem",
  "pk": 27,
  "fields": {
    "task": 1,
    "price_list_item": null,
    "line_number": 4,
    "qty": "8.00",
    "units": "hours",
    "description": "CAD drawings and technical documentation",
    "price_currency": "800.00",
    "estimate": 6
  }
},
{
  "model": "jobs.estimatelineitem",
  "pk": 28,
  "fields": {
    "task": 2,
    "price_list_item": null,
    "line_number": 5,
    "qty": "300.00",
    "units": "board feet",
    "description": "White oak lumber purchase",
    "price_currency": "2100.00",
    "estimate": 6
  }
}
]
