[
{
  "model": "auth.permission",
  "pk": 1,
  "fields": {
    "name": "Can add log entry",
    "content_type": 1,
    "codename": "add_logentry"
  }
},
{
  "model": "auth.permission",
  "pk": 2,
  "fields": {
    "name": "Can change log entry",
    "content_type": 1,
    "codename": "change_logentry"
  }
},
{
  "model": "auth.permission",
  "pk": 3,
  "fields": {
    "name": "Can delete log entry",
    "content_type": 1,
    "codename": "delete_logentry"
  }
},
{
  "model": "auth.permission",
  "pk": 4,
  "fields": {
    "name": "Can view log entry",
    "content_type": 1,
    "codename": "view_logentry"
  }
},
{
  "model": "auth.permission",
  "pk": 5,
  "fields": {
    "name": "Can add permission",
    "content_type": 2,
    "codename": "add_permission"
  }
},
{
  "model": "auth.permission",
  "pk": 6,
  "fields": {
    "name": "Can change permission",
    "content_type": 2,
    "codename": "change_permission"
  }
},
{
  "model": "auth.permission",
  "pk": 7,
  "fields": {
    "name": "Can delete permission",
    "content_type": 2,
    "codename": "delete_permission"
  }
},
{
  "model": "auth.permission",
  "pk": 8,
  "fields": {
    "name": "Can view permission",
    "content_type": 2,
    "codename": "view_permission"
  }
},
{
  "model": "auth.permission",
  "pk": 9,
  "fields": {
    "name": "Can add group",
    "content_type": 3,
    "codename": "add_group"
  }
},
{
  "model": "auth.permission",
  "pk": 10,
  "fields": {
    "name": "Can change group",
    "content_type": 3,
    "codename": "change_group"
  }
},
{
  "model": "auth.permission",
  "pk": 11,
  "fields": {
    "name": "Can delete group",
    "content_type": 3,
    "codename": "delete_group"
  }
},
{
  "model": "auth.permission",
  "pk": 12,
  "fields": {
    "name": "Can view group",
    "content_type": 3,
    "codename": "view_group"
  }
},
{
  "model": "auth.permission",
  "pk": 13,
  "fields": {
    "name": "Can add content type",
    "content_type": 4,
    "codename": "add_contenttype"
  }
},
{
  "model": "auth.permission",
  "pk": 14,
  "fields": {
    "name": "Can change content type",
    "content_type": 4,
    "codename": "change_contenttype"
  }
},
{
  "model": "auth.permission",
  "pk": 15,
  "fields": {
    "name": "Can delete content type",
    "content_type": 4,
    "codename": "delete_contenttype"
  }
},
{
  "model": "auth.permission",
  "pk": 16,
  "fields": {
    "name": "Can view content type",
    "content_type": 4,
    "codename": "view_contenttype"
  }
},
{
  "model": "auth.permission",
  "pk": 17,
  "fields": {
    "name": "Can add session",
    "content_type": 5,
    "codename": "add_session"
  }
},
{
  "model": "auth.permission",
  "pk": 18,
  "fields": {
    "name": "Can change session",
    "content_type": 5,
    "codename": "change_session"
  }
},
{
  "model": "auth.permission",
  "pk": 19,
  "fields": {
    "name": "Can delete session",
    "content_type": 5,
    "codename": "delete_session"
  }
},
{
  "model": "auth.permission",
  "pk": 20,
  "fields": {
    "name": "Can view session",
    "content_type": 5,
    "codename": "view_session"
  }
},
{
  "model": "auth.permission",
  "pk": 21,
  "fields": {
    "name": "Can add Configuration",
    "content_type": 6,
    "codename": "add_configuration"
  }
},
{
  "model": "auth.permission",
  "pk": 22,
  "fields": {
    "name": "Can change Configuration",
    "content_type": 6,
    "codename": "change_configuration"
  }
},
{
  "model": "auth.permission",
  "pk": 23,
  "fields": {
    "name": "Can delete Configuration",
    "content_type": 6,
    "codename": "delete_configuration"
  }
},
{
  "model": "auth.permission",
  "pk": 24,
  "fields": {
    "name": "Can view Configuration",
    "content_type": 6,
    "codename": "view_configuration"
  }
},
{
  "model": "auth.permission",
  "pk": 25,
  "fields": {
    "name": "Can add User",
    "content_type": 7,
    "codename": "add_user"
  }
},
{
  "model": "auth.permission",
  "pk": 26,
  "fields": {
    "name": "Can change User",
    "content_type": 7,
    "codename": "change_user"
  }
},
{
  "model": "auth.permission",
  "pk": 27,
  "fields": {
    "name": "Can delete User",
    "content_type": 7,
    "codename": "delete_user"
  }
},
{
  "model": "auth.permission",
  "pk": 28,
  "fields": {
    "name": "Can view User",
    "content_type": 7,
    "codename": "view_user"
  }
},
{
  "model": "auth.permission",
  "pk": 29,
  "fields": {
    "name": "Can add job",
    "content_type": 8,
    "codename": "add_job"
  }
},
{
  "model": "auth.permission",
  "pk": 30,
  "fields": {
    "name": "Can change job",
    "content_type": 8,
    "codename": "change_job"
  }
},
{
  "model": "auth.permission",
  "pk": 31,
  "fields": {
    "name": "Can delete job",
    "content_type": 8,
    "codename": "delete_job"
  }
},
{
  "model": "auth.permission",
  "pk": 32,
  "fields": {
    "name": "Can view job",
    "content_type": 8,
    "codename": "view_job"
  }
},
{
  "model": "auth.permission",
  "pk": 33,
  "fields": {
    "name": "Can add task",
    "content_type": 9,
    "codename": "add_task"
  }
},
{
  "model": "auth.permission",
  "pk": 34,
  "fields": {
    "name": "Can change task",
    "content_type": 9,
    "codename": "change_task"
  }
},
{
  "model": "auth.permission",
  "pk": 35,
  "fields": {
    "name": "Can delete task",
    "content_type": 9,
    "codename": "delete_task"
  }
},
{
  "model": "auth.permission",
  "pk": 36,
  "fields": {
    "name": "Can view task",
    "content_type": 9,
    "codename": "view_task"
  }
},
{
  "model": "auth.permission",
  "pk": 37,
  "fields": {
    "name": "Can add work order",
    "content_type": 10,
    "codename": "add_workorder"
  }
},
{
  "model": "auth.permission",
  "pk": 38,
  "fields": {
    "name": "Can change work order",
    "content_type": 10,
    "codename": "change_workorder"
  }
},
{
  "model": "auth.permission",
  "pk": 39,
  "fields": {
    "name": "Can delete work order",
    "content_type": 10,
    "codename": "delete_workorder"
  }
},
{
  "model": "auth.permission",
  "pk": 40,
  "fields": {
    "name": "Can view work order",
    "content_type": 10,
    "codename": "view_workorder"
  }
},
{
  "model": "auth.permission",
  "pk": 41,
  "fields": {
    "name": "Can add task mapping",
    "content_type": 11,
    "codename": "add_taskmapping"
  }
},
{
  "model": "auth.permission",
  "pk": 42,
  "fields": {
    "name": "Can change task mapping",
    "content_type": 11,
    "codename": "change_taskmapping"
  }
},
{
  "model": "auth.permission",
  "pk": 43,
  "fields": {
    "name": "Can delete task mapping",
    "content_type": 11,
    "codename": "delete_taskmapping"
  }
},
{
  "model": "auth.permission",
  "pk": 44,
  "fields": {
    "name": "Can view task mapping",
    "content_type": 11,
    "codename": "view_taskmapping"
  }
},
{
  "model": "auth.permission",
  "pk": 45,
  "fields": {
    "name": "Can add estimate",
    "content_type": 12,
    "codename": "add_estimate"
  }
},
{
  "model": "auth.permission",
  "pk": 46,
  "fields": {
    "name": "Can change estimate",
    "content_type": 12,
    "codename": "change_estimate"
  }
},
{
  "model": "auth.permission",
  "pk": 47,
  "fields": {
    "name": "Can delete estimate",
    "content_type": 12,
    "codename": "delete_estimate"
  }
},
{
  "model": "auth.permission",
  "pk": 48,
  "fields": {
    "name": "Can view estimate",
    "content_type": 12,
    "codename": "view_estimate"
  }
},
{
  "model": "auth.permission",
  "pk": 49,
  "fields": {
    "name": "Can add Estimate Line Item",
    "content_type": 13,
    "codename": "add_estimatelineitem"
  }
},
{
  "model": "auth.permission",
  "pk": 50,
  "fields": {
    "name": "Can change Estimate Line Item",
    "content_type": 13,
    "codename": "change_estimatelineitem"
  }
},
{
  "model": "auth.permission",
  "pk": 51,
  "fields": {
    "name": "Can delete Estimate Line Item",
    "content_type": 13,
    "codename": "delete_estimatelineitem"
  }
},
{
  "model": "auth.permission",
  "pk": 52,
  "fields": {
    "name": "Can view Estimate Line Item",
    "content_type": 13,
    "codename": "view_estimatelineitem"
  }
},
{
  "model": "auth.permission",
  "pk": 53,
  "fields": {
    "name": "Can add blep",
    "content_type": 14,
    "codename": "add_blep"
  }
},
{
  "model": "auth.permission",
  "pk": 54,
  "fields": {
    "name": "Can change blep",
    "content_type": 14,
    "codename": "change_blep"
  }
},
{
  "model": "auth.permission",
  "pk": 55,
  "fields": {
    "name": "Can delete blep",
    "content_type": 14,
    "codename": "delete_blep"
  }
},
{
  "model": "auth.permission",
  "pk": 56,
  "fields": {
    "name": "Can view blep",
    "content_type": 14,
    "codename": "view_blep"
  }
},
{
  "model": "auth.permission",
  "pk": 57,
  "fields": {
    "name": "Can add work order template",
    "content_type": 15,
    "codename": "add_workordertemplate"
  }
},
{
  "model": "auth.permission",
  "pk": 58,
  "fields": {
    "name": "Can change work order template",
    "content_type": 15,
    "codename": "change_workordertemplate"
  }
},
{
  "model": "auth.permission",
  "pk": 59,
  "fields": {
    "name": "Can delete work order template",
    "content_type": 15,
    "codename": "delete_workordertemplate"
  }
},
{
  "model": "auth.permission",
  "pk": 60,
  "fields": {
    "name": "Can view work order template",
    "content_type": 15,
    "codename": "view_workordertemplate"
  }
},
{
  "model": "auth.permission",
  "pk": 61,
  "fields": {
    "name": "Can add task template",
    "content_type": 16,
    "codename": "add_tasktemplate"
  }
},
{
  "model": "auth.permission",
  "pk": 62,
  "fields": {
    "name": "Can change task template",
    "content_type": 16,
    "codename": "change_tasktemplate"
  }
},
{
  "model": "auth.permission",
  "pk": 63,
  "fields": {
    "name": "Can delete task template",
    "content_type": 16,
    "codename": "delete_tasktemplate"
  }
},
{
  "model": "auth.permission",
  "pk": 64,
  "fields": {
    "name": "Can view task template",
    "content_type": 16,
    "codename": "view_tasktemplate"
  }
},
{
  "model": "auth.permission",
  "pk": 65,
  "fields": {
    "name": "Can add business",
    "content_type": 17,
    "codename": "add_business"
  }
},
{
  "model": "auth.permission",
  "pk": 66,
  "fields": {
    "name": "Can change business",
    "content_type": 17,
    "codename": "change_business"
  }
},
{
  "model": "auth.permission",
  "pk": 67,
  "fields": {
    "name": "Can delete business",
    "content_type": 17,
    "codename": "delete_business"
  }
},
{
  "model": "auth.permission",
  "pk": 68,
  "fields": {
    "name": "Can view business",
    "content_type": 17,
    "codename": "view_business"
  }
},
{
  "model": "auth.permission",
  "pk": 69,
  "fields": {
    "name": "Can add Payment Terms",
    "content_type": 18,
    "codename": "add_paymentterms"
  }
},
{
  "model": "auth.permission",
  "pk": 70,
  "fields": {
    "name": "Can change Payment Terms",
    "content_type": 18,
    "codename": "change_paymentterms"
  }
},
{
  "model": "auth.permission",
  "pk": 71,
  "fields": {
    "name": "Can delete Payment Terms",
    "content_type": 18,
    "codename": "delete_paymentterms"
  }
},
{
  "model": "auth.permission",
  "pk": 72,
  "fields": {
    "name": "Can view Payment Terms",
    "content_type": 18,
    "codename": "view_paymentterms"
  }
},
{
  "model": "auth.permission",
  "pk": 73,
  "fields": {
    "name": "Can add contact",
    "content_type": 19,
    "codename": "add_contact"
  }
},
{
  "model": "auth.permission",
  "pk": 74,
  "fields": {
    "name": "Can change contact",
    "content_type": 19,
    "codename": "change_contact"
  }
},
{
  "model": "auth.permission",
  "pk": 75,
  "fields": {
    "name": "Can delete contact",
    "content_type": 19,
    "codename": "delete_contact"
  }
},
{
  "model": "auth.permission",
  "pk": 76,
  "fields": {
    "name": "Can view contact",
    "content_type": 19,
    "codename": "view_contact"
  }
},
{
  "model": "auth.permission",
  "pk": 77,
  "fields": {
    "name": "Can add invoice",
    "content_type": 20,
    "codename": "add_invoice"
  }
},
{
  "model": "auth.permission",
  "pk": 78,
  "fields": {
    "name": "Can change invoice",
    "content_type": 20,
    "codename": "change_invoice"
  }
},
{
  "model": "auth.permission",
  "pk": 79,
  "fields": {
    "name": "Can delete invoice",
    "content_type": 20,
    "codename": "delete_invoice"
  }
},
{
  "model": "auth.permission",
  "pk": 80,
  "fields": {
    "name": "Can view invoice",
    "content_type": 20,
    "codename": "view_invoice"
  }
},
{
  "model": "auth.permission",
  "pk": 81,
  "fields": {
    "name": "Can add price list item",
    "content_type": 21,
    "codename": "add_pricelistitem"
  }
},
{
  "model": "auth.permission",
  "pk": 82,
  "fields": {
    "name": "Can change price list item",
    "content_type": 21,
    "codename": "change_pricelistitem"
  }
},
{
  "model": "auth.permission",
  "pk": 83,
  "fields": {
    "name": "Can delete price list item",
    "content_type": 21,
    "codename": "delete_pricelistitem"
  }
},
{
  "model": "auth.permission",
  "pk": 84,
  "fields": {
    "name": "Can view price list item",
    "content_type": 21,
    "codename": "view_pricelistitem"
  }
},
{
  "model": "auth.permission",
  "pk": 85,
  "fields": {
    "name": "Can add Invoice Line Item",
    "content_type": 22,
    "codename": "add_invoicelineitem"
  }
},
{
  "model": "auth.permission",
  "pk": 86,
  "fields": {
    "name": "Can change Invoice Line Item",
    "content_type": 22,
    "codename": "change_invoicelineitem"
  }
},
{
  "model": "auth.permission",
  "pk": 87,
  "fields": {
    "name": "Can delete Invoice Line Item",
    "content_type": 22,
    "codename": "delete_invoicelineitem"
  }
},
{
  "model": "auth.permission",
  "pk": 88,
  "fields": {
    "name": "Can view Invoice Line Item",
    "content_type": 22,
    "codename": "view_invoicelineitem"
  }
},
{
  "model": "auth.permission",
  "pk": 89,
  "fields": {
    "name": "Can add purchase order",
    "content_type": 23,
    "codename": "add_purchaseorder"
  }
},
{
  "model": "auth.permission",
  "pk": 90,
  "fields": {
    "name": "Can change purchase order",
    "content_type": 23,
    "codename": "change_purchaseorder"
  }
},
{
  "model": "auth.permission",
  "pk": 91,
  "fields": {
    "name": "Can delete purchase order",
    "content_type": 23,
    "codename": "delete_purchaseorder"
  }
},
{
  "model": "auth.permission",
  "pk": 92,
  "fields": {
    "name": "Can view purchase order",
    "content_type": 23,
    "codename": "view_purchaseorder"
  }
},
{
  "model": "auth.permission",
  "pk": 93,
  "fields": {
    "name": "Can add bill",
    "content_type": 24,
    "codename": "add_bill"
  }
},
{
  "model": "auth.permission",
  "pk": 94,
  "fields": {
    "name": "Can change bill",
    "content_type": 24,
    "codename": "change_bill"
  }
},
{
  "model": "auth.permission",
  "pk": 95,
  "fields": {
    "name": "Can delete bill",
    "content_type": 24,
    "codename": "delete_bill"
  }
},
{
  "model": "auth.permission",
  "pk": 96,
  "fields": {
    "name": "Can view bill",
    "content_type": 24,
    "codename": "view_bill"
  }
},
{
  "model": "auth.permission",
  "pk": 97,
  "fields": {
    "name": "Can add Purchase Order Line Item",
    "content_type": 25,
    "codename": "add_purchaseorderlineitem"
  }
},
{
  "model": "auth.permission",
  "pk": 98,
  "fields": {
    "name": "Can change Purchase Order Line Item",
    "content_type": 25,
    "codename": "change_purchaseorderlineitem"
  }
},
{
  "model": "auth.permission",
  "pk": 99,
  "fields": {
    "name": "Can delete Purchase Order Line Item",
    "content_type": 25,
    "codename": "delete_purchaseorderlineitem"
  }
},
{
  "model": "auth.permission",
  "pk": 100,
  "fields": {
    "name": "Can view Purchase Order Line Item",
    "content_type": 25,
    "codename": "view_purchaseorderlineitem"
  }
},
{
  "model": "auth.permission",
  "pk": 101,
  "fields": {
    "name": "Can add Bill Line Item",
    "content_type": 26,
    "codename": "add_billlineitem"
  }
},
{
  "model": "auth.permission",
  "pk": 102,
  "fields": {
    "name": "Can change Bill Line Item",
    "content_type": 26,
    "codename": "change_billlineitem"
  }
},
{
  "model": "auth.permission",
  "pk": 103,
  "fields": {
    "name": "Can delete Bill Line Item",
    "content_type": 26,
    "codename": "delete_billlineitem"
  }
},
{
  "model": "auth.permission",
  "pk": 104,
  "fields": {
    "name": "Can view Bill Line Item",
    "content_type": 26,
    "codename": "view_billlineitem"
  }
},
{
  "model": "auth.group",
  "pk": 1,
  "fields": {
    "name": "Administrator",
    "permissions": [
      1,
      2,
      3,
      4,
      5,
      6,
      7,
      8,
      21,
      22,
      23,
      24
    ]
  }
},
{
  "model": "auth.group",
  "pk": 2,
  "fields": {
    "name": "Manager",
    "permissions": [
      65,
      66,
      67,
      68,
      73,
      74,
      75,
      76,
      69,
      70,
      71,
      72,
      25,
      26,
      27,
      28,
      77,
      78,
      79,
      80,
      81,
      82,
      83,
      84,
      53,
      54,
      55,
      56,
      45,
      46,
      47,
      48,
      29,
      30,
      31,
      32,
      33,
      34,
      35,
      36,
      41,
      42,
      43,
      44,
      37,
      38,
      39,
      40,
      93,
      94,
      95,
      96,
      89,
      90,
      91,
      92
    ]
  }
},
{
  "model": "auth.group",
  "pk": 3,
  "fields": {
    "name": "Employee",
    "permissions": [
      65,
      66,
      67,
      68,
      73,
      74,
      75,
      76,
      69,
      70,
      71,
      72,
      77,
      78,
      79,
      80,
      81,
      82,
      83,
      84,
      53,
      54,
      55,
      56,
      45,
      46,
      47,
      48,
      29,
      30,
      31,
      32,
      33,
      34,
      35,
      36,
      41,
      42,
      43,
      44,
      37,
      38,
      39,
      40,
      93,
      94,
      95,
      96,
      89,
      90,
      91,
      92
    ]
  }
},
{
  "model": "contenttypes.contenttype",
  "pk": 1,
  "fields": {
    "app_label": "admin",
    "model": "logentry"
  }
},
{
  "model": "contenttypes.contenttype",
  "pk": 2,
  "fields": {
    "app_label": "auth",
    "model": "permission"
  }
},
{
  "model": "contenttypes.contenttype",
  "pk": 3,
  "fields": {
    "app_label": "auth",
    "model": "group"
  }
},
{
  "model": "contenttypes.contenttype",
  "pk": 4,
  "fields": {
    "app_label": "contenttypes",
    "model": "contenttype"
  }
},
{
  "model": "contenttypes.contenttype",
  "pk": 5,
  "fields": {
    "app_label": "sessions",
    "model": "session"
  }
},
{
  "model": "contenttypes.contenttype",
  "pk": 6,
  "fields": {
    "app_label": "core",
    "model": "configuration"
  }
},
{
  "model": "contenttypes.contenttype",
  "pk": 7,
  "fields": {
    "app_label": "core",
    "model": "user"
  }
},
{
  "model": "contenttypes.contenttype",
  "pk": 8,
  "fields": {
    "app_label": "jobs",
    "model": "job"
  }
},
{
  "model": "contenttypes.contenttype",
  "pk": 9,
  "fields": {
    "app_label": "jobs",
    "model": "task"
  }
},
{
  "model": "contenttypes.contenttype",
  "pk": 10,
  "fields": {
    "app_label": "jobs",
    "model": "workorder"
  }
},
{
  "model": "contenttypes.contenttype",
  "pk": 11,
  "fields": {
    "app_label": "jobs",
    "model": "taskmapping"
  }
},
{
  "model": "contenttypes.contenttype",
  "pk": 12,
  "fields": {
    "app_label": "jobs",
    "model": "estimate"
  }
},
{
  "model": "contenttypes.contenttype",
  "pk": 13,
  "fields": {
    "app_label": "jobs",
    "model": "estimatelineitem"
  }
},
{
  "model": "contenttypes.contenttype",
  "pk": 14,
  "fields": {
    "app_label": "jobs",
    "model": "blep"
  }
},
{
  "model": "contenttypes.contenttype",
  "pk": 15,
  "fields": {
    "app_label": "jobs",
    "model": "workordertemplate"
  }
},
{
  "model": "contenttypes.contenttype",
  "pk": 16,
  "fields": {
    "app_label": "jobs",
    "model": "tasktemplate"
  }
},
{
  "model": "contenttypes.contenttype",
  "pk": 17,
  "fields": {
    "app_label": "contacts",
    "model": "business"
  }
},
{
  "model": "contenttypes.contenttype",
  "pk": 18,
  "fields": {
    "app_label": "contacts",
    "model": "paymentterms"
  }
},
{
  "model": "contenttypes.contenttype",
  "pk": 19,
  "fields": {
    "app_label": "contacts",
    "model": "contact"
  }
},
{
  "model": "contenttypes.contenttype",
  "pk": 20,
  "fields": {
    "app_label": "invoicing",
    "model": "invoice"
  }
},
{
  "model": "contenttypes.contenttype",
  "pk": 21,
  "fields": {
    "app_label": "invoicing",
    "model": "pricelistitem"
  }
},
{
  "model": "contenttypes.contenttype",
  "pk": 22,
  "fields": {
    "app_label": "invoicing",
    "model": "invoicelineitem"
  }
},
{
  "model": "contenttypes.contenttype",
  "pk": 23,
  "fields": {
    "app_label": "purchasing",
    "model": "purchaseorder"
  }
},
{
  "model": "contenttypes.contenttype",
  "pk": 24,
  "fields": {
    "app_label": "purchasing",
    "model": "bill"
  }
},
{
  "model": "contenttypes.contenttype",
  "pk": 25,
  "fields": {
    "app_label": "purchasing",
    "model": "purchaseorderlineitem"
  }
},
{
  "model": "contenttypes.contenttype",
  "pk": 26,
  "fields": {
    "app_label": "purchasing",
    "model": "billlineitem"
  }
},
{
  "model": "sessions.session",
  "pk": "pq2di31s1bipwr7xnn13dme1skxew6wa",
  "fields": {
    "session_data": ".eJxVjMsOgjAUBf-la9O0lHKLS_d8Q3NfWtRAQmFl_HclYaHbMzPnZTJua8lb1SWPYs7Gm9PvRsgPnXYgd5xus-V5WpeR7K7Yg1Y7zKLPy-H-HRSs5VsTQwzRs0NqvDKEBlrusYkK1EkKwpAUhFxPHYqmK6MXdq7tJDjQYN4f9M04gw:1uuwjP:XXx_jTpxigxsRynTIHRFhvo9f5NDbDzsCytUX2Hhf2Y",
    "expire_date": "2025-09-20T17:29:43.109Z"
  }
},
{
  "model": "core.user",
  "pk": 1,
  "fields": {
    "password": "pbkdf2_sha256$600000$fU1Q67TTryqZMFXst0Am34$4nPO2gad6tjKif5Ke3G1PE51yrNfRIg2nd1gTApUuQg=",
    "last_login": "2025-09-06T17:29:43.009Z",
    "is_superuser": true,
    "username": "dev_user",
    "first_name": "Dev",
    "last_name": "User",
    "email": "dev@example.com",
    "is_staff": true,
    "is_active": true,
    "date_joined": "2025-09-01T21:22:06.298Z",
    "contact": null,
    "groups": [],
    "user_permissions": []
  }
},
{
  "model": "core.user",
  "pk": 2,
  "fields": {
    "password": "pbkdf2_sha256$870000$test$hash",
    "last_login": null,
    "is_superuser": false,
    "username": "johnq_public",
    "first_name": "John Q",
    "last_name": "Public",
    "email": "facilities@metrooffice.com",
    "is_staff": false,
    "is_active": true,
    "date_joined": "2024-01-01T00:00:00Z",
    "contact": 3,
    "groups": [
      3
    ],
    "user_permissions": []
  }
},
{
  "model": "jobs.job",
  "pk": 1,
  "fields": {
    "job_number": "JOB-2024-001",
    "created_date": "2025-07-02T21:45:16.554Z",
    "completion_date": "2025-08-11T21:45:16.554Z",
    "status": "complete",
    "contact": 1,
    "customer_po_number": "ABC-PO-001",
    "description": "Office renovation project - replaced flooring, painted walls, updated lighting"
  }
},
{
  "model": "jobs.job",
  "pk": 2,
  "fields": {
    "job_number": "JOB-2024-002",
    "created_date": "2025-07-17T21:45:16.554Z",
    "completion_date": null,
    "status": "approved",
    "contact": 2,
    "customer_po_number": "",
    "description": "Kitchen remodel for residential client - new cabinets, countertops, appliances"
  }
},
{
  "model": "jobs.job",
  "pk": 3,
  "fields": {
    "job_number": "JOB-2024-003",
    "created_date": "2025-07-27T21:45:16.554Z",
    "completion_date": null,
    "status": "needs_attention",
    "contact": 3,
    "customer_po_number": "MOC-2024-HVAC",
    "description": "HVAC system repair and maintenance for office building"
  }
},
{
  "model": "jobs.job",
  "pk": 4,
  "fields": {
    "job_number": "JOB-2024-004",
    "created_date": "2025-08-01T21:45:16.554Z",
    "completion_date": null,
    "status": "draft",
    "contact": 4,
    "customer_po_number": "",
    "description": "Bathroom renovation in master suite - tile work, new fixtures, vanity installation"
  }
},
{
  "model": "jobs.job",
  "pk": 5,
  "fields": {
    "job_number": "JOB-2024-005",
    "created_date": "2025-08-06T21:45:16.554Z",
    "completion_date": null,
    "status": "blocked",
    "contact": 5,
    "customer_po_number": "ISI-EQ-2024-01",
    "description": "Industrial equipment installation - waiting for permits and electrical inspection"
  }
},
{
  "model": "jobs.job",
  "pk": 6,
  "fields": {
    "job_number": "JOB-2024-006",
    "created_date": "2025-08-08T21:45:16.554Z",
    "completion_date": null,
    "status": "rejected",
    "contact": 2,
    "customer_po_number": "",
    "description": "Deck construction project - client decided to postpone until next year"
  }
},
{
  "model": "jobs.job",
  "pk": 7,
  "fields": {
    "job_number": "JOB-2024-007",
    "created_date": "2025-08-13T21:45:16.554Z",
    "completion_date": null,
    "status": "approved",
    "contact": 1,
    "customer_po_number": "ABC-EMRG-007",
    "description": "Emergency roof repair after storm damage"
  }
},
{
  "model": "jobs.job",
  "pk": 8,
  "fields": {
    "job_number": "JOB-2024-008",
    "created_date": "2025-08-15T21:45:16.554Z",
    "completion_date": null,
    "status": "draft",
    "contact": 3,
    "customer_po_number": "",
    "description": "Conference room upgrades - new AV equipment, furniture, lighting"
  }
},
{
  "model": "jobs.estimate",
  "pk": 1,
  "fields": {
    "job": 1,
    "estimate_number": "EST-2024-001",
    "revision_number": 1,
    "status": "superseded",
    "superseded_by": 2,
    "created_date": "2025-07-02T21:45:16.554Z",
    "superseded_date": "2025-07-03T10:30:00Z"
  }
},
{
  "model": "jobs.estimate",
  "pk": 2,
  "fields": {
    "job": 1,
    "estimate_number": "EST-2024-001",
    "revision_number": 2,
    "status": "accepted",
    "superseded_by": null,
    "created_date": "2025-07-03T10:30:00Z",
    "superseded_date": null
  }
},
{
  "model": "jobs.estimate",
  "pk": 3,
  "fields": {
    "job": 2,
    "estimate_number": "EST-2024-002",
    "revision_number": 1,
    "status": "open",
    "superseded_by": null,
    "created_date": "2025-07-17T21:45:16.554Z",
    "superseded_date": null
  }
},
{
  "model": "jobs.estimate",
  "pk": 4,
  "fields": {
    "job": 3,
    "estimate_number": "EST-2024-003",
    "revision_number": 1,
    "status": "open",
    "superseded_by": null,
    "created_date": "2025-07-27T21:45:16.554Z",
    "superseded_date": null
  }
},
{
  "model": "jobs.estimate",
  "pk": 5,
  "fields": {
    "job": 5,
    "estimate_number": "EST-2024-004",
    "revision_number": 1,
    "status": "open",
    "superseded_by": null,
    "created_date": "2025-08-06T21:45:16.554Z",
    "superseded_date": null
  }
},
{
  "model": "jobs.estimate",
  "pk": 6,
  "fields": {
    "job": 6,
    "estimate_number": "EST-2024-005",
    "revision_number": 1,
    "status": "rejected",
    "superseded_by": null,
    "created_date": "2025-08-08T21:45:16.554Z",
    "superseded_date": null
  }
},
{
  "model": "jobs.estimate",
  "pk": 7,
  "fields": {
    "job": 7,
    "estimate_number": "EST-2024-006",
    "revision_number": 1,
    "status": "open",
    "superseded_by": null,
    "created_date": "2025-08-13T21:45:16.554Z",
    "superseded_date": null
  }
},
{
  "model": "jobs.workorder",
  "pk": 1,
  "fields": {
    "job": 1,
    "status": "complete",
    "template": null
  }
},
{
  "model": "jobs.workorder",
  "pk": 2,
  "fields": {
    "job": 2,
    "status": "incomplete",
    "template": null
  }
},
{
  "model": "jobs.workorder",
  "pk": 3,
  "fields": {
    "job": 3,
    "status": "incomplete",
    "template": null
  }
},
{
  "model": "jobs.workorder",
  "pk": 4,
  "fields": {
    "job": 4,
    "status": "incomplete",
    "template": null
  }
},
{
  "model": "jobs.workorder",
  "pk": 5,
  "fields": {
    "job": 5,
    "status": "incomplete",
    "template": null
  }
},
{
  "model": "jobs.workorder",
  "pk": 6,
  "fields": {
    "job": 6,
    "status": "incomplete",
    "template": null
  }
},
{
  "model": "jobs.workorder",
  "pk": 7,
  "fields": {
    "job": 7,
    "status": "incomplete",
    "template": null
  }
},
{
  "model": "jobs.task",
  "pk": 1,
  "fields": {
    "parent_task": null,
    "assignee": null,
    "work_order": 1,
    "name": "Site preparation and setup",
    "units": "days",
    "rate": "350.00",
    "est_qty": "2.00",
    "template": null
  }
},
{
  "model": "jobs.task",
  "pk": 2,
  "fields": {
    "parent_task": null,
    "assignee": null,
    "work_order": 1,
    "name": "Material procurement and delivery",
    "units": "loads",
    "rate": "125.00",
    "est_qty": "3.00",
    "template": null
  }
},
{
  "model": "jobs.task",
  "pk": 3,
  "fields": {
    "parent_task": null,
    "assignee": null,
    "work_order": 1,
    "name": "Installation and construction work",
    "units": "square_feet",
    "rate": "25.75",
    "est_qty": "500.00",
    "template": null
  }
},
{
  "model": "jobs.task",
  "pk": 4,
  "fields": {
    "parent_task": null,
    "assignee": null,
    "work_order": 2,
    "name": "Site preparation and setup",
    "units": "days",
    "rate": "350.00",
    "est_qty": "1.50",
    "template": null
  }
},
{
  "model": "jobs.task",
  "pk": 5,
  "fields": {
    "parent_task": null,
    "assignee": null,
    "work_order": 2,
    "name": "Material procurement and delivery",
    "units": "loads",
    "rate": "125.00",
    "est_qty": "2.50",
    "template": null
  }
},
{
  "model": "jobs.task",
  "pk": 6,
  "fields": {
    "parent_task": null,
    "assignee": null,
    "work_order": 2,
    "name": "Installation and construction work",
    "units": "square_feet",
    "rate": "25.75",
    "est_qty": "300.00",
    "template": null
  }
},
{
  "model": "jobs.task",
  "pk": 7,
  "fields": {
    "parent_task": null,
    "assignee": null,
    "work_order": 3,
    "name": "Site preparation and setup",
    "units": "days",
    "rate": "350.00",
    "est_qty": "1.00",
    "template": null
  }
},
{
  "model": "jobs.task",
  "pk": 8,
  "fields": {
    "parent_task": null,
    "assignee": null,
    "work_order": 3,
    "name": "Material procurement and delivery",
    "units": "loads",
    "rate": "125.00",
    "est_qty": "1.50",
    "template": null
  }
},
{
  "model": "jobs.task",
  "pk": 9,
  "fields": {
    "parent_task": null,
    "assignee": null,
    "work_order": 4,
    "name": "Site preparation and setup",
    "units": "days",
    "rate": "350.00",
    "est_qty": "2.00",
    "template": null
  }
},
{
  "model": "jobs.task",
  "pk": 10,
  "fields": {
    "parent_task": null,
    "assignee": null,
    "work_order": 4,
    "name": "Material procurement and delivery",
    "units": "loads",
    "rate": "125.00",
    "est_qty": "3.50",
    "template": null
  }
},
{
  "model": "jobs.task",
  "pk": 11,
  "fields": {
    "parent_task": null,
    "assignee": null,
    "work_order": 5,
    "name": "Site preparation and setup",
    "units": "days",
    "rate": "350.00",
    "est_qty": "1.25",
    "template": null
  }
},
{
  "model": "jobs.task",
  "pk": 12,
  "fields": {
    "parent_task": null,
    "assignee": null,
    "work_order": 5,
    "name": "Material procurement and delivery",
    "units": "loads",
    "rate": "125.00",
    "est_qty": "2.75",
    "template": null
  }
},
{
  "model": "jobs.task",
  "pk": 13,
  "fields": {
    "parent_task": null,
    "assignee": null,
    "work_order": 6,
    "name": "Site preparation and setup",
    "units": "days",
    "rate": "350.00",
    "est_qty": "1.75",
    "template": null
  }
},
{
  "model": "jobs.task",
  "pk": 14,
  "fields": {
    "parent_task": null,
    "assignee": null,
    "work_order": 6,
    "name": "Material procurement and delivery",
    "units": "loads",
    "rate": "125.00",
    "est_qty": "4.00",
    "template": null
  }
},
{
  "model": "jobs.task",
  "pk": 15,
  "fields": {
    "parent_task": null,
    "assignee": null,
    "work_order": 7,
    "name": "Site preparation and setup",
    "units": "days",
    "rate": "350.00",
    "est_qty": "1.00",
    "template": null
  }
},
{
  "model": "jobs.task",
  "pk": 16,
  "fields": {
    "parent_task": null,
    "assignee": null,
    "work_order": 7,
    "name": "Material procurement and delivery",
    "units": "loads",
    "rate": "125.00",
    "est_qty": "1.00",
    "template": null
  }
},
{
  "model": "jobs.task",
  "pk": 17,
  "fields": {
    "parent_task": null,
    "assignee": null,
    "work_order": 7,
    "name": "Installation and construction work",
    "units": "square_feet",
    "rate": "25.75",
    "est_qty": "400.00",
    "template": null
  }
},
{
  "model": "jobs.workordertemplate",
  "pk": 1,
  "fields": {
    "template_name": "TEST1",
    "description": "this is the first work order template to be defined in the test data",
    "is_active": true,
    "created_date": "2025-09-06T17:29:48.279Z"
  }
},
{
  "model": "jobs.tasktemplate",
  "pk": 1,
  "fields": {
    "template_name": "RESEARCH",
    "description": "Research that has to happen before the project can be started",
    "units": "hours",
    "rate": "100.00",
    "est_qty": "4.00",
    "task_mapping": null,
    "work_order_template": 1,
    "created_date": "2025-09-06T17:30:38.271Z",
    "is_active": true
  }
},
{
  "model": "jobs.tasktemplate",
  "pk": 2,
  "fields": {
    "template_name": "CAD",
    "description": "Design, drawing, detailing, modelling",
    "units": "hours",
    "rate": "150.00",
    "est_qty": "5.00",
    "task_mapping": null,
    "work_order_template": 1,
    "created_date": "2025-09-06T17:31:20.508Z",
    "is_active": true
  }
},
{
  "model": "jobs.tasktemplate",
  "pk": 3,
  "fields": {
    "template_name": "CUT",
    "description": "Cutting parts",
    "units": "minutes",
    "rate": "22.00",
    "est_qty": "300.00",
    "task_mapping": null,
    "work_order_template": 1,
    "created_date": "2025-09-06T17:31:44.072Z",
    "is_active": true
  }
},
{
  "model": "jobs.tasktemplate",
  "pk": 4,
  "fields": {
    "template_name": "ASSEMBLE",
    "description": "Glue and staple the parts together",
    "units": "hours",
    "rate": "100.00",
    "est_qty": "6.00",
    "task_mapping": null,
    "work_order_template": 1,
    "created_date": "2025-09-06T17:38:15.359Z",
    "is_active": true
  }
},
{
  "model": "jobs.tasktemplate",
  "pk": 5,
  "fields": {
    "template_name": "FINISH",
    "description": "Sand and fill and apply finish, or veneer, or laminate",
    "units": "hours",
    "rate": "100.00",
    "est_qty": "10.00",
    "task_mapping": null,
    "work_order_template": 1,
    "created_date": "2025-09-06T17:39:14.272Z",
    "is_active": true
  }
},
{
  "model": "jobs.tasktemplate",
  "pk": 6,
  "fields": {
    "template_name": "PALLET",
    "description": "Palletize piece, build or customize a pallet if needed",
    "units": "hours",
    "rate": "100.00",
    "est_qty": "2.00",
    "task_mapping": null,
    "work_order_template": 1,
    "created_date": "2025-09-06T17:40:08.033Z",
    "is_active": true
  }
},
{
  "model": "jobs.estimatelineitem",
  "pk": 1,
  "fields": {
    "task": null,
    "price_list_item": 1,
    "line_number": "LI-EST-001",
    "qty": "10.00",
    "units": "hour",
    "description": "General Labor - per hour",
    "price_currency": "45.00",
    "estimate": 1
  }
},
{
  "model": "jobs.estimatelineitem",
  "pk": 2,
  "fields": {
    "task": null,
    "price_list_item": 2,
    "line_number": "LI-EST-002",
    "qty": "5.00",
    "units": "hour",
    "description": "Skilled Labor - per hour",
    "price_currency": "65.00",
    "estimate": 1
  }
},
{
  "model": "jobs.estimatelineitem",
  "pk": 3,
  "fields": {
    "task": null,
    "price_list_item": 3,
    "line_number": "LI-EST-003",
    "qty": "5.00",
    "units": "sheet",
    "description": "Drywall - per sheet",
    "price_currency": "18.00",
    "estimate": 1
  }
},
{
  "model": "jobs.estimatelineitem",
  "pk": 4,
  "fields": {
    "task": null,
    "price_list_item": 1,
    "line_number": "LI-EST-004",
    "qty": "10.00",
    "units": "hour",
    "description": "General Labor - per hour",
    "price_currency": "45.00",
    "estimate": 2
  }
},
{
  "model": "jobs.estimatelineitem",
  "pk": 5,
  "fields": {
    "task": null,
    "price_list_item": 2,
    "line_number": "LI-EST-005",
    "qty": "5.00",
    "units": "hour",
    "description": "Skilled Labor - per hour",
    "price_currency": "65.00",
    "estimate": 2
  }
},
{
  "model": "jobs.estimatelineitem",
  "pk": 6,
  "fields": {
    "task": null,
    "price_list_item": 3,
    "line_number": "LI-EST-006",
    "qty": "5.00",
    "units": "sheet",
    "description": "Drywall - per sheet",
    "price_currency": "18.00",
    "estimate": 2
  }
},
{
  "model": "jobs.estimatelineitem",
  "pk": 7,
  "fields": {
    "task": null,
    "price_list_item": 1,
    "line_number": "LI-EST-007",
    "qty": "10.00",
    "units": "hour",
    "description": "General Labor - per hour",
    "price_currency": "45.00",
    "estimate": 3
  }
},
{
  "model": "jobs.estimatelineitem",
  "pk": 8,
  "fields": {
    "task": null,
    "price_list_item": 2,
    "line_number": "LI-EST-008",
    "qty": "5.00",
    "units": "hour",
    "description": "Skilled Labor - per hour",
    "price_currency": "65.00",
    "estimate": 3
  }
},
{
  "model": "jobs.estimatelineitem",
  "pk": 9,
  "fields": {
    "task": null,
    "price_list_item": 1,
    "line_number": "LI-EST-009",
    "qty": "10.00",
    "units": "hour",
    "description": "General Labor - per hour",
    "price_currency": "45.00",
    "estimate": 4
  }
},
{
  "model": "jobs.estimatelineitem",
  "pk": 10,
  "fields": {
    "task": null,
    "price_list_item": 2,
    "line_number": "LI-EST-010",
    "qty": "5.00",
    "units": "hour",
    "description": "Skilled Labor - per hour",
    "price_currency": "65.00",
    "estimate": 4
  }
},
{
  "model": "jobs.estimatelineitem",
  "pk": 11,
  "fields": {
    "task": null,
    "price_list_item": 1,
    "line_number": "LI-EST-011",
    "qty": "10.00",
    "units": "hour",
    "description": "General Labor - per hour",
    "price_currency": "45.00",
    "estimate": 5
  }
},
{
  "model": "jobs.estimatelineitem",
  "pk": 12,
  "fields": {
    "task": null,
    "price_list_item": 2,
    "line_number": "LI-EST-012",
    "qty": "5.00",
    "units": "hour",
    "description": "Skilled Labor - per hour",
    "price_currency": "65.00",
    "estimate": 5
  }
},
{
  "model": "jobs.estimatelineitem",
  "pk": 13,
  "fields": {
    "task": null,
    "price_list_item": 1,
    "line_number": "LI-EST-013",
    "qty": "10.00",
    "units": "hour",
    "description": "General Labor - per hour",
    "price_currency": "45.00",
    "estimate": 6
  }
},
{
  "model": "jobs.estimatelineitem",
  "pk": 14,
  "fields": {
    "task": null,
    "price_list_item": 2,
    "line_number": "LI-EST-014",
    "qty": "5.00",
    "units": "hour",
    "description": "Skilled Labor - per hour",
    "price_currency": "65.00",
    "estimate": 6
  }
},
{
  "model": "jobs.estimatelineitem",
  "pk": 15,
  "fields": {
    "task": null,
    "price_list_item": 1,
    "line_number": "LI-EST-015",
    "qty": "10.00",
    "units": "hour",
    "description": "General Labor - per hour",
    "price_currency": "45.00",
    "estimate": 7
  }
},
{
  "model": "jobs.estimatelineitem",
  "pk": 16,
  "fields": {
    "task": null,
    "price_list_item": 2,
    "line_number": "LI-EST-016",
    "qty": "5.00",
    "units": "hour",
    "description": "Skilled Labor - per hour",
    "price_currency": "65.00",
    "estimate": 7
  }
},
{
  "model": "jobs.estimatelineitem",
  "pk": 17,
  "fields": {
    "task": 1,
    "price_list_item": null,
    "line_number": "LI-EST-017",
    "qty": "1.00",
    "units": "task",
    "description": "Site preparation and setup",
    "price_currency": "450.00",
    "estimate": 2
  }
},
{
  "model": "contacts.contact",
  "pk": 1,
  "fields": {
    "name": "Jane Doe",
    "email": "jane.doe@abcconstruction.com",
    "addr1": "123 Main St",
    "addr2": "",
    "addr3": "",
    "city": "City",
    "municipality": "Business District",
    "postal_code": "12345",
    "country_code": "US",
    "mobile_number": "555-0101",
    "work_number": "",
    "home_number": "",
    "business": 2
  }
},
{
  "model": "contacts.contact",
  "pk": 2,
  "fields": {
    "name": "John Smith",
    "email": "john.smith@email.com",
    "addr1": "456 Oak Ave",
    "addr2": "",
    "addr3": "",
    "city": "City",
    "municipality": "Residential Area",
    "postal_code": "12346",
    "country_code": "US",
    "mobile_number": "",
    "work_number": "",
    "home_number": "555-0202",
    "business": null
  }
},
{
  "model": "contacts.contact",
  "pk": 3,
  "fields": {
    "name": "John Q Public",
    "email": "facilities@metrooffice.com",
    "addr1": "789 Corporate Blvd",
    "addr2": "",
    "addr3": "",
    "city": "City",
    "municipality": "Downtown",
    "postal_code": "12347",
    "country_code": "US",
    "mobile_number": "",
    "work_number": "555-0303",
    "home_number": "",
    "business": 3
  }
},
{
  "model": "contacts.contact",
  "pk": 4,
  "fields": {
    "name": "Laura Ingalls",
    "email": "info@greenvalley.com",
    "addr1": "321 Valley Road",
    "addr2": "",
    "addr3": "",
    "city": "City",
    "municipality": "Suburbs",
    "postal_code": "12348",
    "country_code": "US",
    "mobile_number": "555-0404",
    "work_number": "",
    "home_number": "",
    "business": 5
  }
},
{
  "model": "contacts.contact",
  "pk": 5,
  "fields": {
    "name": "Frank Gehry",
    "email": "projects@industrialsolutions.com",
    "addr1": "654 Industrial Pkwy",
    "addr2": "",
    "addr3": "",
    "city": "City",
    "municipality": "Industrial Zone",
    "postal_code": "12349",
    "country_code": "US",
    "mobile_number": "",
    "work_number": "555-0505",
    "home_number": "",
    "business": 4
  }
},
{
  "model": "contacts.contact",
  "pk": 6,
  "fields": {
    "name": "Piper Laurie",
    "email": "orders@housingsupply.com",
    "addr1": "888 Supply Drive",
    "addr2": "",
    "addr3": "",
    "city": "City",
    "municipality": "Industrial District",
    "postal_code": "12350",
    "country_code": "US",
    "mobile_number": "555-0606",
    "work_number": "",
    "home_number": "",
    "business": 1
  }
},
{
  "model": "contacts.business",
  "pk": 1,
  "fields": {
    "our_reference_code": "HS001",
    "business_name": "Housing Supply",
    "business_address": "888 Supply Drive, Industrial District, City, State 12350",
    "business_number": "BN-789012",
    "tax_exemption_number": "TEX-456789",
    "tax_cloud": "",
    "terms": 1
  }
},
{
  "model": "contacts.business",
  "pk": 2,
  "fields": {
    "our_reference_code": "ABC001",
    "business_name": "ABC Construction Co.",
    "business_address": "123 Main St, Business District, City, State 12345",
    "business_number": "BN-123456",
    "tax_exemption_number": "TEX-123456",
    "tax_cloud": "",
    "terms": 1
  }
},
{
  "model": "contacts.business",
  "pk": 3,
  "fields": {
    "our_reference_code": "MOC001",
    "business_name": "Metro Office Complex",
    "business_address": "789 Corporate Blvd, Downtown, City, State 12347",
    "business_number": "BN-345678",
    "tax_exemption_number": "TEX-345678",
    "tax_cloud": "",
    "terms": 1
  }
},
{
  "model": "contacts.business",
  "pk": 4,
  "fields": {
    "our_reference_code": "ISI001",
    "business_name": "Industrial Solutions Inc.",
    "business_address": "654 Industrial Pkwy, Industrial Zone, City, State 12349",
    "business_number": "BN-567890",
    "tax_exemption_number": "TEX-567890",
    "tax_cloud": "",
    "terms": 1
  }
},
{
  "model": "contacts.business",
  "pk": 5,
  "fields": {
    "our_reference_code": "GRV001",
    "business_name": "Green Valley Homes",
    "business_address": "321 Valley Road, Suburbs, City, State 12348",
    "business_number": "BN-99999",
    "tax_exemption_number": "TEX-99999",
    "tax_cloud": "",
    "terms": 1
  }
},
{
  "model": "contacts.paymentterms",
  "pk": 1,
  "fields": {}
},
{
  "model": "invoicing.invoice",
  "pk": 1,
  "fields": {
    "job": 1,
    "invoice_number": "INV-2024-001",
    "status": "active"
  }
},
{
  "model": "invoicing.pricelistitem",
  "pk": 1,
  "fields": {
    "code": "LAB001",
    "units": "hour",
    "description": "General Labor - per hour",
    "purchase_price": "25.00",
    "selling_price": "45.00",
    "qty_on_hand": "100.00",
    "qty_sold": "0.00",
    "qty_wasted": "0.00"
  }
},
{
  "model": "invoicing.pricelistitem",
  "pk": 2,
  "fields": {
    "code": "LAB002",
    "units": "hour",
    "description": "Skilled Labor - per hour",
    "purchase_price": "35.00",
    "selling_price": "65.00",
    "qty_on_hand": "100.00",
    "qty_sold": "0.00",
    "qty_wasted": "0.00"
  }
},
{
  "model": "invoicing.pricelistitem",
  "pk": 3,
  "fields": {
    "code": "MAT001",
    "units": "sheet",
    "description": "Drywall - per sheet",
    "purchase_price": "12.00",
    "selling_price": "18.00",
    "qty_on_hand": "100.00",
    "qty_sold": "0.00",
    "qty_wasted": "0.00"
  }
},
{
  "model": "invoicing.pricelistitem",
  "pk": 4,
  "fields": {
    "code": "MAT002",
    "units": "gallon",
    "description": "Paint - per gallon",
    "purchase_price": "25.00",
    "selling_price": "40.00",
    "qty_on_hand": "100.00",
    "qty_sold": "0.00",
    "qty_wasted": "0.00"
  }
},
{
  "model": "invoicing.pricelistitem",
  "pk": 5,
  "fields": {
    "code": "MAT003",
    "units": "sq ft",
    "description": "Flooring - per sq ft",
    "purchase_price": "3.50",
    "selling_price": "6.00",
    "qty_on_hand": "100.00",
    "qty_sold": "0.00",
    "qty_wasted": "0.00"
  }
},
{
  "model": "invoicing.pricelistitem",
  "pk": 6,
  "fields": {
    "code": "EQP001",
    "units": "day",
    "description": "Tool Rental - per day",
    "purchase_price": "15.00",
    "selling_price": "25.00",
    "qty_on_hand": "100.00",
    "qty_sold": "0.00",
    "qty_wasted": "0.00"
  }
},
{
  "model": "invoicing.pricelistitem",
  "pk": 7,
  "fields": {
    "code": "SUP001",
    "units": "box",
    "description": "Screws and Fasteners",
    "purchase_price": "8.00",
    "selling_price": "15.00",
    "qty_on_hand": "100.00",
    "qty_sold": "0.00",
    "qty_wasted": "0.00"
  }
},
{
  "model": "invoicing.invoicelineitem",
  "pk": 17,
  "fields": {
    "task": null,
    "price_list_item": 1,
    "line_number": "LI-INV-017",
    "qty": "8.00",
    "units": "hour",
    "description": "General Labor - per hour",
    "price_currency": "45.00",
    "invoice": 1
  }
},
{
  "model": "invoicing.invoicelineitem",
  "pk": 18,
  "fields": {
    "task": null,
    "price_list_item": 2,
    "line_number": "LI-INV-018",
    "qty": "4.00",
    "units": "hour",
    "description": "Skilled Labor - per hour",
    "price_currency": "65.00",
    "invoice": 1
  }
},
{
  "model": "invoicing.invoicelineitem",
  "pk": 19,
  "fields": {
    "task": null,
    "price_list_item": 3,
    "line_number": "LI-INV-019",
    "qty": "4.00",
    "units": "sheet",
    "description": "Drywall - per sheet",
    "price_currency": "18.00",
    "invoice": 1
  }
},
{
  "model": "invoicing.invoicelineitem",
  "pk": 22,
  "fields": {
    "task": 2,
    "price_list_item": null,
    "line_number": "LI-INV-022",
    "qty": "1.00",
    "units": "task",
    "description": "Material procurement and delivery",
    "price_currency": "325.00",
    "invoice": 1
  }
},
{
  "model": "purchasing.purchaseorder",
  "pk": 1,
  "fields": {
    "job": 1,
    "po_number": "PO-2024-001"
  }
},
{
  "model": "purchasing.bill",
  "pk": 1,
  "fields": {
    "purchase_order": 1,
    "contact": 6,
    "vendor_invoice_number": "HS-INV-001"
  }
},
{
  "model": "purchasing.purchaseorderlineitem",
  "pk": 21,
  "fields": {
    "task": null,
    "price_list_item": 3,
    "line_number": "LI-PO-001",
    "qty": "50.00",
    "units": "sheet",
    "description": "Drywall sheets for office renovation",
    "price_currency": "12.00",
    "purchase_order": 1
  }
},
{
  "model": "purchasing.billlineitem",
  "pk": 20,
  "fields": {
    "task": null,
    "price_list_item": 3,
    "line_number": "LI-BILL-001",
    "qty": "50.00",
    "units": "sheet",
    "description": "Drywall sheets for office renovation",
    "price_currency": "12.00",
    "bill": 1
  }
}
]
